f(Hz),Zc(%)
46,23
46,23
46,23
46,23
46,23
46,23
46,23
46,23
46,23
46,23
46,23
46,23
46,23
46,23
46,23
46,23
46,23
46,23
46,23
46,23
57,23
57,23
57,23
57,23
57,23
57,23
57,23
57,23
57,23
57,23
57,23
57,23
57,23
57,23
57,23
57,23
57,23
57,23
57,23
57,23
57,23
57,23
57,23
57,23
57,23
57,23
57,23
57,23
47,23
47,23
47,23
47,23
47,23
47,23
47,23
47,23
47,23
47,23
47,23
47,23
47,23
47,23
47,23
47,23
47,23
47,23
47,23
47,23
47,23
47,23
47,23
47,23
47,68
47,68
47,68
47,68
47,68
47,68
47,68
47,68
47,68
47,68
47,68
47,68
47,68
47,68
47,68
47,68
47,68
47,68
47,68
47,68
47,68
47,68
47,68
58,68
58,68
58,68
58,68
58,68
58,68
58,68
58,92
58,92
58,92
58,92
58,92
58,92
58,92
58,92
58,92
58,92
58,92
58,92
58,92
58,92
58,92
58,92
58,92
58,92
58,92
58,92
58,92
58,92
58,92
58,92
58,92
58,92
58,92
58,92
58,92
58,92
53,30
53,30
53,30
53,30
53,30
53,30
53,30
53,30
53,30
53,30
53,30
53,30
53,30
53,30
53,30
53,30
53,30
53,30
53,30
54,30
54,30
54,30
54,30
54,30
54,30
54,30
54,22
54,22
54,22
54,22
54,22
54,22
54,22
54,22
54,22
54,22
54,22
54,22
54,22
54,22
54,22
54,22
54,22
54,51
54,51
54,51
54,51
54,51
54,51
54,51
54,51
54,51
54,51
54,51
54,51
54,51
54,51
54,51
54,51
54,51
54,51
54,51
54,51
54,51
54,51
54,51
54,51
57,51
57,51
57,97
57,97
57,97
57,97
57,97
57,97
57,97
57,97
57,97
57,97
57,97
57,97
57,97
57,97
57,97
57,97
57,97
57,97
57,97
57,97
57,97
57,97
57,97
57,97
57,97
57,97
57,97
57,97
57,20
57,20
57,20
57,20
57,20
57,20
57,20
57,20
57,20
57,20
57,20
57,20
49,20
49,20
49,20
49,20
49,20
49,20
49,20
49,20
49,20
49,20
49,20
49,20
49,20
49,20
49,20
49,20
49,20
49,20
49,20
49,20
49,20
49,20
49,20
49,20
49,20
49,56
49,56
49,56
49,56
49,56
49,56
49,56
49,56
49,56
49,56
49,56
49,56
49,56
49,56
49,56
49,90
51,90
51,90
51,90
51,90
51,90
51,90
51,90
51,90
51,90
51,90
51,90
51,90
49,90
49,90
49,90
49,90
49,90
49,90
49,90
49,90
49,90
49,90
49,90
49,53
49,53
49,53
49,53
49,53
49,53
49,53
49,53
49,53
49,53
49,53
49,53
49,53
49,53
49,53
49,53
49,53
49,53
49,53
49,53
49,53
49,53
49,53
49,53
49,53
49,53
42,53
42,53
42,53
42,53
42,53
42,39
42,39
42,39
42,39
42,39
42,39
42,39
42,39
42,39
42,39
42,39
42,39
42,39
42,39
42,39
42,39
42,39
42,39
42,39
42,39
42,39
42,39
42,39
42,39
51,39
51,39
51,39
51,39
51,39
51,39
51,25
51,25
51,25
51,25
51,25
51,25
51,25
51,25
51,25
51,25
51,25
51,25
51,25
51,25
51,25
51,25
51,25
51,25
51,25
51,25
51,25
51,25
51,34
51,34
51,34
54,34
54,34
54,34
54,25
54,25
54,25
54,25
54,25
54,25
54,25
54,25
54,25
54,25
54,25
54,25
54,25
54,25
54,25
54,25
54,25
43,25
43,25
43,25
43,25
43,25
43,43
43,43
43,43
43,43
43,43
43,43
43,43
43,43
43,43
43,43
43,43
43,43
43,43
43,43
43,43
43,43
43,43
43,43
43,43
43,43
43,43
43,43
43,43
43,43
43,43
43,43
43,43
43,43
43,43
43,43
43,43
43,43
43,43
43,43
43,43
43,43
43,43
43,43
43,43
45,43
45,19
45,19
45,19
45,19
45,19
41,19
41,19
41,19
41,19
41,19
41,19
41,19
41,19
41,19
41,19
41,19
41,19
41,19
37,19
37,19
37,19
37,19
37,19
37,19
37,19
37,19
37,19
37,19
37,19
37,19
37,19
37,19
37,57
37,57
37,57
53,57
53,57
53,57
53,57
53,57
53,57
53,57
53,57
53,57
53,57
53,57
53,57
53,57
53,57
53,57
53,57
53,57
53,57
53,57
53,57
53,57
53,57
53,57
53,57
53,91
53,91
53,91
53,91
53,91
53,91
53,91
53,91
53,91
53,91
53,91
53,91
53,91
53,91
53,91
53,91
53,91
53,91
53,91
53,91
53,91
38,91
38,91
38,91
38,91
38,91
38,91
38,91
38,91
38,91
38,91
38,91
38,91
38,91
38,91
38,91
38,91
37,91
37,91
37,91
37,91
37,91
37,91
37,31
37,31
37,31
37,31
37,31
37,31
37,31
37,31
37,31
37,31
37,31
37,31
37,31
37,31
37,31
37,31
37,31
37,31
37,31
37,31
37,20
37,20
37,20
37,20
37,20
37,20
37,20
37,20
59,20
59,20
59,20
59,20
59,20
59,20
41,20
41,20
41,20
41,20
41,20
41,20
41,20
41,20
41,20
41,20
41,20
41,20
41,20
41,20
41,20
41,20
41,20
41,20
41,20
41,20
41,20
41,20
41,20
36,20
36,20
36,20
36,20
36,20
36,20
36,20
36,20
36,20
36,20
36,20
36,20
36,94
36,94
36,94
36,94
36,94
36,94
36,94
36,94
36,94
36,94
36,94
36,94
36,94
36,94
36,94
36,94
36,94
36,94
36,94
36,94
36,94
36,94
36,94
36,94
36,94
36,94
36,94
36,94
36,94
36,94
36,94
36,94
36,94
36,94
36,94
36,73
36,73
43,73
43,73
43,73
43,73
43,73
43,73
43,73
43,73
43,73
43,73
43,73
43,73
43,73
43,73
43,73
43,73
43,73
43,73
43,73
43,73
43,73
43,73
45,73
45,73
45,73
45,73
45,73
45,73
45,73
45,73
45,73
45,73
45,73
45,73
45,73
45,73
45,73
45,73
45,73
45,73
45,73
45,73
45,97
45,97
45,97
45,97
45,97
45,97
45,97
45,97
45,97
45,97
45,97
45,97
45,97
45,97
45,97
46,97
46,97
46,97
46,97
46,97
46,97
46,97
46,97
46,97
46,97
46,97
46,97
46,14
46,14
46,14
46,14
46,14
46,14
46,14
42,14
42,14
42,14
42,14
42,14
42,14
42,14
42,14
42,14
42,14
42,14
42,14
42,14
42,14
42,14
42,14
42,14
42,14
42,14
42,14
42,14
53,14
53,14
53,14
53,14
53,14
53,14
53,14
53,14
53,14
53,14
53,14
53,14
53,14
53,14
53,14
53,14
53,14
53,14
53,32
53,32
53,32
59,32
59,32
59,32
59,32
59,32
59,32
59,32
59,32
59,32
59,32
59,32
59,32
59,32
59,32
59,32
59,32
59,32
59,32
59,32
59,32
59,32
59,32
59,32
59,32
59,32
59,32
59,32
59,32
59,32
59,32
59,32
59,32
59,32
59,32
59,9
59,9
59,9
59,9
59,9
59,9
59,9
59,9
59,9
59,9
59,9
42,9
42,9
42,9
42,9
42,9
42,9
42,9
42,9
42,9
42,9
42,9
42,9
42,9
42,9
54,9
54,9
54,9
54,9
54,9
54,9
54,9
54,9
54,9
54,9
54,9
54,9
54,9
54,9
54,9
54,9
54,9
54,9
54,9
54,9
54,9
54,9
54,9
54,9
54,9
54,9
54,9
54,9
54,9
54,9
54,9
54,9
54,9
54,9
54,9
54,9
54,9
54,9
54,9
54,9
54,9
54,9
54,9
54,9
54,9
54,9
49,9
49,27
49,27
49,27
49,27
49,27
49,27
49,27
49,27
49,27
49,27
49,27
49,27
49,27
49,12
49,12
49,12
49,12
49,12
49,12
49,12
49,12
49,12
49,12
49,12
49,12
49,12
55,12
55,12
55,55
55,55
55,55
55,55
55,55
55,55
55,55
55,51
55,51
55,51
55,51
55,51
55,51
55,51
55,36
55,36
55,36
55,36
55,36
55,36
55,36
55,36
55,36
55,36
55,36
55,82
55,82
55,82
55,82
55,82
55,82
55,82
55,82
55,82
55,82
55,82
55,82
55,82
55,82
55,82
55,82
55,82
55,82
55,82
55,82
55,82
55,82
55,82
55,82
55,82
55,82
55,82
55,82
55,82
55,82
55,82
55,82
55,82
55,82
54,92
54,92
54,92
54,92
54,92
54,92
54,92
54,92
54,92
54,92
54,92
54,92
35,92
35,92
35,92
35,92
35,92
35,92
35,92
35,92
35,92
35,92
35,92
35,92
35,92
35,92
35,92
35,92
35,92
35,92
35,92
35,92
35,92
35,92
35,92
35,92
35,92
35,92
35,92
35,92
35,92
35,92
35,92
35,92
35,92
35,92
35,92
35,92
35,92
35,92
35,81
35,81
35,81
35,81
35,81
35,81
35,81
37,81
37,81
37,81
37,81
37,81
37,81
37,81
37,81
37,81
37,81
37,81
37,81
37,81
37,81
50,81
50,81
50,81
50,81
50,81
50,81
50,81
50,81
50,81
50,81
50,81
50,81
50,81
50,49
50,49
50,49
50,49
50,49
50,49
50,49
50,49
50,49
50,49
50,49
50,49
50,49
50,49
50,49
50,49
50,49
50,49
50,49
50,49
50,49
50,49
50,49
50,49
50,49
50,49
50,49
50,49
50,49
50,84
50,84
50,84
50,84
46,84
46,84
46,84
46,84
46,84
46,84
46,84
46,84
46,84
46,84
46,84
46,84
46,84
46,84
46,84
46,84
46,84
46,84
46,84
46,84
46,84
46,84
46,75
46,75
46,75
46,75
46,75
46,75
46,75
46,75
46,75
46,75
46,75
46,33
46,33
46,33
46,33
46,33
46,33
46,33
48,33
48,33
48,33
48,33
48,33
48,33
48,33
48,33
48,33
48,33
48,33
48,33
48,33
48,33
48,33
48,33
48,33
48,33
48,33
48,33
48,33
48,33
48,33
48,33
48,33
48,33
48,33
48,33
48,33
48,33
48,33
48,33
48,84
48,84
48,84
48,84
48,84
48,84
48,84
48,84
48,84
48,84
48,84
48,82
57,82
57,82
57,82
57,82
57,82
57,82
57,82
57,82
57,82
57,82
57,82
57,82
57,82
57,82
57,82
57,82
57,82
57,82
57,82
57,20
57,20
57,20
57,20
57,20
57,20
57,20
57,20
57,20
57,20
57,20
57,20
57,20
57,20
57,20
57,20
57,20
49,20
49,20
49,20
49,20
49,20
49,20
49,20
49,20
49,20
49,20
49,20
49,20
49,20
49,20
49,20
49,20
49,20
49,20
49,20
49,20
49,20
49,20
49,20
48,20
48,57
48,57
48,57
48,57
48,57
48,57
48,57
48,57
48,57
48,57
48,57
48,57
48,57
48,57
48,57
48,57
48,57
52,57
52,57
52,57
52,57
52,57
52,57
52,57
52,57
52,57
52,57
52,57
52,57
52,57
52,57
52,52
52,52
52,52
52,52
52,52
52,52
52,52
52,52
52,52
52,52
52,52
52,52
52,52
52,52
52,52
52,52
52,52
52,52
52,52
52,52
52,52
52,52
52,52
52,52
52,52
47,52
47,52
47,52
47,52
47,52
47,52
47,95
47,95
47,95
47,95
47,95
47,95
47,95
47,95
47,95
47,95
47,95
47,95
40,95
40,95
40,95
40,95
40,95
40,95
40,95
40,95
40,95
40,95
40,95
40,95
40,95
40,95
40,95
40,95
46,95
46,95
46,95
46,95
46,95
46,95
46,95
46,95
38,95
38,95
38,95
38,95
38,95
38,95
38,95
38,95
38,28
38,28
38,28
38,28
38,28
38,28
38,28
38,28
38,28
38,28
38,28
38,28
38,28
38,28
38,28
38,28
38,28
38,28
38,28
38,23
38,23
38,23
38,23
38,23
38,23
41,23
41,23
41,23
41,23
41,23
41,23
41,23
41,23
41,23
41,23
41,23
41,23
41,23
41,23
41,23
41,23
41,23
41,23
41,23
41,23
41,23
41,23
41,23
41,23
41,23
41,23
41,23
41,23
41,23
41,23
41,23
41,23
47,23
47,23
47,23
47,23
47,23
47,39
47,39
47,39
47,39
47,39
47,39
47,39
47,39
47,39
47,70
47,70
47,70
47,70
47,70
47,70
47,70
47,70
47,70
44,70
44,79
44,79
44,79
44,79
44,79
44,79
44,79
44,79
44,79
44,79
44,79
44,79
44,79
44,79
44,79
44,79
44,79
44,79
44,79
44,79
44,79
44,79
44,79
44,79
40,79
40,79
40,79
40,79
40,79
40,79
40,79
40,79
40,79
40,79
40,79
40,79
40,79
40,79
40,35
40,35
40,35
40,35
40,35
40,35
40,35
40,35
40,35
40,35
40,35
40,35
40,35
40,35
40,35
40,35
40,35
40,35
40,35
40,35
40,35
40,35
40,35
40,35
40,35
40,35
40,12
40,12
40,12
40,12
40,12
45,12
45,12
45,12
45,12
45,12
45,12
45,12
45,12
45,12
45,12
45,12
45,12
45,12
45,12
45,12
45,12
45,12
36,12
36,12
36,12
36,12
36,12
36,12
36,12
36,12
36,53
36,53
36,53
36,53
36,53
36,53
36,53
36,53
36,53
36,53
36,53
36,53
36,53
36,53
36,53
36,53
36,53
36,53
36,53
36,53
36,53
36,53
36,53
36,53
36,53
36,53
36,53
36,9
36,9
36,9
36,9
36,9
36,9
36,9
54,9
54,9
54,9
54,9
54,9
54,9
54,9
54,9
54,9
54,9
54,9
54,9
54,9
54,9
54,9
54,9
54,9
54,9
54,9
54,9
54,9
54,9
54,9
54,9
54,9
54,9
54,9
54,9
54,9
54,9
54,9
54,64
54,64
54,64
54,64
53,64
53,64
53,64
53,64
53,64
53,64
53,64
53,64
53,64
53,64
53,64
53,64
53,64
53,64
53,64
53,64
53,64
53,64
53,64
53,64
53,64
53,64
53,64
53,64
53,64
53,64
53,64
53,64
49,64
49,64
49,64
49,64
49,64
49,64
52,64
52,64
52,64
52,64
52,64
52,64
52,64
52,64
52,64
52,39
52,39
52,39
52,39
52,39
52,39
52,39
52,39
52,39
52,39
52,39
52,39
52,39
52,39
52,38
52,38
52,38
52,38
52,38
52,38
52,38
52,38
52,38
52,38
52,38
52,71
52,71
52,71
52,71
46,71
46,71
46,71
46,71
46,71
46,71
46,71
46,71
46,71
46,22
46,22
46,22
46,22
45,22
45,22
45,22
45,22
45,22
45,7
45,7
45,7
45,7
45,7
45,7
45,7
45,7
45,7
45,7
45,7
45,7
45,7
45,7
45,7
45,7
45,7
45,7
45,7
45,7
45,7
45,7
45,7
45,7
45,7
45,7
45,7
45,7
45,7
45,7
45,7
45,65
45,65
45,65
45,65
49,65
49,65
49,65
49,65
49,65
49,65
49,65
49,65
49,65
49,65
49,65
49,65
49,65
49,65
49,65
49,65
49,65
49,65
49,65
49,65
49,65
49,65
49,65
49,65
40,65
40,81
40,81
40,81
40,81
40,81
40,81
40,81
40,81
40,81
40,81
40,81
40,81
40,81
40,81
40,81
40,81
40,81
40,81
40,81
40,81
44,81
44,81
44,81
44,81
44,81
44,81
44,81
44,81
44,81
44,81
44,61
44,61
44,61
44,61
44,61
44,61
44,61
44,61
44,61
44,61
44,61
44,61
44,61
44,61
44,56
44,56
44,56
44,56
44,56
44,56
44,56
44,56
44,56
44,56
44,56
44,56
44,56
44,56
44,56
44,56
44,56
44,56
44,56
44,56
44,56
45,56
45,56
45,56
45,56
45,56
45,56
45,56
45,56
45,56
45,56
45,56
45,56
45,56
45,56
45,56
45,56
45,56
45,56
45,56
45,56
39,56
39,56
39,56
39,56
39,56
39,56
39,56
39,9
39,9
39,9
39,9
39,9
39,9
39,9
39,9
39,9
39,9
39,9
39,9
39,9
39,9
44,9
44,9
44,9
44,9
44,50
44,50
44,50
44,50
44,50
44,50
44,50
44,50
44,50
44,50
44,50
44,50
44,50
44,50
44,50
44,50
44,50
44,50
55,50
55,50
55,50
55,50
55,50
55,50
55,50
55,50
55,50
55,50
55,50
55,50
55,50
55,50
55,50
55,50
55,50
55,50
50,50
50,50
50,50
50,50
50,50
50,14
50,14
50,14
50,14
51,14
51,14
51,40
51,40
51,40
51,40
51,40
51,40
51,40
51,40
51,40
51,40
51,40
51,40
51,40
51,40
51,40
51,40
51,40
51,40
51,40
42,40
42,40
42,40
42,40
42,40
42,40
42,40
42,40
42,40
42,40
42,40
42,40
42,88
42,88
42,88
42,88
42,88
42,88
42,88
42,88
42,88
42,88
42,88
42,88
43,88
43,88
43,88
43,88
43,88
43,88
43,88
43,88
43,88
43,88
43,88
43,88
37,88
37,88
37,88
37,88
37,88
37,88
37,88
37,88
37,88
37,88
37,88
37,88
37,88
37,88
37,88
37,88
37,88
37,88
45,88
45,88
45,88
45,88
45,88
45,78
45,78
45,78
45,78
45,78
45,78
45,78
45,78
41,78
41,78
41,78
41,78
41,78
41,78
41,78
41,78
41,78
41,78
41,78
41,78
41,78
41,78
41,78
41,78
41,78
41,78
41,78
41,78
41,78
41,78
41,78
41,78
41,78
41,78
41,78
41,78
41,78
41,78
41,78
41,78
41,78
41,78
41,78
41,78
41,78
41,78
41,78
39,78
39,78
39,23
39,23
39,23
39,23
39,23
39,23
39,23
39,27
39,27
39,27
39,27
39,27
39,27
39,27
39,27
39,27
39,27
39,27
39,27
39,27
39,27
39,27
39,27
39,27
39,27
39,27
39,27
39,27
39,38
39,38
39,38
46,38
46,38
46,38
46,38
46,38
46,38
46,38
46,38
46,38
46,38
46,38
46,38
46,38
46,38
46,38
46,38
46,38
46,38
46,38
46,38
46,38
46,38
46,38
46,38
46,38
46,38
46,38
46,41
46,41
46,41
46,41
46,41
46,41
46,41
46,41
46,41
46,41
46,41
46,41
46,41
46,41
46,41
46,41
46,41
46,41
36,41
36,41
36,41
36,41
36,41
36,41
36,41
36,41
36,90
36,90
36,90
36,90
36,90
36,90
36,90
36,90
36,90
36,56
36,56
36,56
36,56
36,56
36,56
36,56
36,56
36,56
36,56
36,56
36,56
36,56
36,56
36,56
36,56
37,56
37,56
37,56
37,56
37,56
37,56
37,56
37,56
37,56
37,56
48,56
48,56
48,56
48,56
48,56
48,56
48,56
48,56
48,56
48,56
48,56
48,56
48,56
48,52
48,52
48,52
48,52
48,52
48,52
48,52
53,52
53,52
53,52
53,52
53,52
53,52
53,52
53,52
53,52
53,52
53,52
53,52
53,52
53,52
53,52
53,52
53,52
53,52
53,52
53,52
53,52
53,52
53,52
53,52
53,52
53,52
53,52
53,52
53,52
53,52
53,52
53,52
53,52
53,52
53,52
53,52
53,52
53,9
53,9
53,9
53,9
53,9
53,9
53,9
53,9
55,9
55,9
55,9
55,9
55,9
55,9
55,9
55,9
55,9
55,9
55,9
55,9
55,9
55,9
55,9
55,9
55,14
55,14
55,14
55,14
55,14
55,14
55,14
55,14
55,14
55,14
55,14
55,14
55,14
55,14
55,14
55,14
55,14
55,14
55,14
55,14
42,14
42,14
42,14
42,14
42,14
42,14
42,14
42,14
42,14
42,14
42,14
42,14
42,14
42,14
42,14
42,14
42,14
42,14
40,14
40,14
40,14
40,14
40,14
40,14
40,14
40,43
40,43
40,43
40,43
40,43
40,43
40,43
40,43
40,43
40,43
40,43
40,43
40,43
40,43
40,43
40,43
40,43
40,43
40,83
40,83
40,83
40,83
40,83
41,83
41,83
41,83
41,83
41,83
41,83
41,83
41,83
41,83
41,83
41,83
41,83
41,83
41,83
41,83
41,83
41,83
41,83
41,17
41,17
41,17
41,17
41,17
41,17
41,17
41,17
41,17
41,17
41,17
41,17
41,17
41,17
41,17
41,17
41,17
41,17
41,17
41,17
41,17
41,17
36,17
36,17
36,17
36,17
36,17
36,17
36,17
36,17
36,17
36,17
36,17
36,17
36,31
36,31
36,31
36,31
36,31
36,31
36,31
47,31
47,31
47,31
47,31
47,31
47,31
47,77
47,77
47,77
47,77
47,77
47,77
47,77
47,77
47,77
47,77
47,77
47,77
47,77
47,77
47,77
47,77
47,77
47,77
47,77
47,77
47,77
47,77
47,77
47,77
47,77
51,77
51,77
51,77
51,77
51,77
51,77
51,77
51,77
51,77
51,77
51,77
51,77
59,77
59,77
59,77
59,77
59,77
59,77
59,77
59,77
59,96
59,96
59,96
59,96
59,96
59,96
59,96
59,96
59,96
59,96
59,96
59,96
59,96
59,96
59,96
59,96
59,96
59,96
59,96
59,96
59,96
59,96
59,96
59,96
59,96
59,96
59,96
59,96
59,96
59,96
59,96
59,96
58,96
58,96
58,96
58,96
58,96
58,96
58,96
58,96
58,96
58,96
58,96
58,96
58,96
58,96
58,24
58,24
58,24
58,24
58,24
58,24
58,24
58,24
58,24
58,24
58,24
53,24
53,24
53,24
53,24
53,24
53,24
53,24
53,24
53,24
53,24
53,24
53,24
53,24
53,24
53,24
53,24
53,24
53,24
53,24
53,24
53,24
53,24
53,24
53,24
53,24
53,24
53,24
53,24
53,24
53,24
53,24
42,24
42,24
42,24
42,24
42,24
42,24
42,24
42,24
42,15
42,15
42,15
42,15
42,15
42,15
42,15
42,15
42,15
42,15
42,15
42,15
42,15
42,15
42,15
42,47
42,47
42,47
42,47
42,47
42,47
42,47
42,47
42,47
42,47
42,47
42,47
42,47
50,47
50,47
50,47
50,47
50,47
50,47
50,47
50,47
50,47
50,47
50,47
50,47
50,47
50,47
50,98
50,98
50,98
50,98
50,98
50,98
50,98
50,98
50,98
50,98
50,98
50,98
50,98
50,98
50,98
50,98
50,98
50,98
50,98
50,98
50,98
50,98
50,98
50,98
50,98
50,98
50,98
38,98
38,98
38,98
38,98
38,98
38,98
38,98
38,98
38,98
38,98
38,98
38,98
38,98
38,98
38,98
38,98
38,98
38,98
38,98
38,98
38,98
38,98
38,98
38,16
38,16
38,16
38,16
36,16
36,16
36,16
36,16
36,16
36,16
36,16
36,16
36,16
36,16
36,16
36,16
36,16
36,41
36,41
36,41
36,41
36,41
36,41
36,41
36,41
36,38
36,38
36,38
36,38
36,38
36,38
36,38
36,38
36,38
36,38
36,38
36,38
36,38
36,38
36,38
36,38
36,38
36,38
36,38
36,38
36,38
36,38
36,38
36,38
36,38
36,38
36,79
36,79
36,79
43,79
43,79
43,79
43,79
43,79
43,79
43,79
43,79
43,79
43,79
43,79
48,79
48,79
48,79
48,79
48,79
48,79
48,79
48,79
48,79
48,79
48,79
48,79
48,79
48,79
48,79
48,79
48,79
48,79
48,79
48,79
48,79
48,79
48,78
48,78
48,78
48,78
48,78
48,78
48,78
37,78
37,78
37,78
37,78
37,78
37,78
37,78
37,78
37,78
37,78
37,78
37,78
37,78
37,78
37,78
37,78
37,89
37,89
37,89
37,89
37,89
37,89
37,89
37,89
37,89
37,89
37,89
37,89
37,89
37,89
37,89
37,89
37,89
37,89
37,89
37,89
37,89
37,89
37,89
37,89
37,89
37,89
37,89
37,72
37,72
37,72
37,72
37,72
37,72
52,72
52,72
52,72
52,72
52,72
52,42
52,42
52,42
52,42
52,42
52,42
52,42
52,42
52,42
52,42
52,42
52,42
52,42
52,42
52,42
52,42
52,42
52,42
52,42
52,42
52,42
52,13
52,13
52,13
52,13
52,13
52,13
52,13
52,13
52,13
52,13
52,13
52,13
52,13
52,13
52,13
37,13
37,13
37,13
37,13
37,13
37,13
37,13
37,13
37,13
37,13
37,13
37,13
37,13
37,13
37,13
37,13
41,13
41,13
41,13
41,13
41,13
41,13
41,13
41,13
41,13
41,13
41,13
41,13
41,48
41,48
41,48
41,48
41,48
41,48
41,48
41,48
41,48
41,48
41,48
41,48
41,48
41,48
41,48
41,48
41,97
41,97
41,97
41,97
41,97
44,97
44,97
44,97
44,97
44,97
44,97
44,97
44,97
44,97
44,97
44,97
44,97
44,97
44,97
44,97
44,97
44,97
44,97
44,66
44,66
44,66
44,66
44,66
44,66
44,66
44,66
44,66
44,66
44,66
44,66
44,66
44,66
44,66
44,66
44,66
44,66
44,66
44,66
44,66
44,66
44,66
44,66
44,66
44,66
44,87
44,87
44,87
44,87
44,87
40,87
40,87
40,87
40,87
40,87
40,87
40,87
40,87
40,87
40,87
40,87
40,87
40,87
40,87
40,87
40,87
40,87
40,87
40,87
40,87
40,87
40,87
40,87
40,87
40,87
40,14
40,14
40,14
40,14
40,14
40,14
40,14
40,14
40,14
40,14
40,14
40,14
40,14
40,14
40,14
51,14
51,14
51,14
51,14
51,14
51,14
51,14
51,14
51,14
51,14
51,14
51,14
51,14
51,14
51,14
51,14
51,14
51,14
51,14
51,14
51,14
51,14
51,14
51,14
51,14
54,14
54,14
54,62
54,62
54,62
54,62
54,62
54,62
54,62
54,62
54,62
54,62
54,62
54,62
54,62
54,62
54,62
54,62
54,62
54,62
54,62
54,62
54,62
54,62
54,62
54,82
54,82
54,82
54,82
54,82
54,82
54,82
54,82
54,82
54,82
54,82
36,82
36,82
36,82
36,82
36,82
36,82
36,82
36,82
36,82
36,82
36,82
36,82
36,82
36,82
36,82
36,82
36,82
36,82
36,82
36,82
36,82
36,82
36,82
36,82
36,82
36,14
36,14
36,14
36,14
36,14
36,14
36,14
36,14
36,14
36,14
36,14
36,14
36,14
36,14
36,14
36,14
36,14
36,14
36,14
36,14
36,14
42,14
42,14
42,14
42,14
42,14
42,14
42,14
42,14
36,14
36,14
36,14
36,14
36,14
36,14
36,20
56,20
56,20
56,20
56,20
56,20
56,20
56,20
56,20
56,20
56,20
56,20
56,20
56,20
56,20
56,20
56,20
56,20
56,20
56,20
56,20
56,20
56,20
56,20
56,20
56,20
56,20
56,20
56,20
56,20
51,20
51,20
51,10
51,10
51,10
51,10
51,10
51,10
51,10
51,10
59,10
59,10
59,10
59,10
59,10
59,10
59,10
59,10
59,10
59,10
59,10
59,10
59,10
59,10
59,10
59,10
59,10
59,10
59,10
59,10
59,10
59,10
59,10
59,58
59,58
59,58
59,58
59,58
59,58
59,58
59,58
58,58
58,58
58,58
58,58
58,58
58,58
58,58
58,58
58,58
58,58
58,58
58,58
58,58
58,58
58,58
58,58
58,58
58,58
58,58
58,58
58,58
52,58
52,58
52,58
52,58
52,58
52,58
52,58
52,58
52,12
52,12
52,12
52,12
52,12
52,12
52,12
52,12
52,12
52,12
52,12
52,12
52,12
52,12
52,12
52,12
52,12
52,77
38,77
38,77
38,77
38,77
38,77
38,77
38,46
38,46
38,46
38,46
38,46
38,46
38,46
38,46
38,46
38,46
38,46
38,46
38,46
38,46
38,46
38,46
38,46
38,46
38,46
38,46
38,46
38,46
38,46
38,46
38,75
38,75
38,75
38,75
35,75
35,75
35,75
35,75
35,75
35,75
35,75
35,75
35,75
35,75
35,75
35,75
35,75
35,75
35,75
35,75
35,75
35,70
35,70
35,70
35,70
35,70
35,70
35,70
35,70
35,70
35,70
35,70
35,70
35,70
35,70
35,70
35,70
35,70
50,70
50,70
50,70
50,70
50,70
50,70
50,70
50,70
50,70
50,70
50,70
50,70
50,70
50,70
50,70
50,70
50,70
50,70
50,70
50,70
50,70
50,70
50,70
50,70
50,70
50,70
50,23
50,23
50,23
50,23
50,23
50,23
50,23
50,23
50,23
50,21
50,21
50,21
50,21
50,21
50,21
50,21
50,21
49,21
49,21
49,21
49,21
49,21
49,21
49,21
49,21
49,21
49,21
49,21
49,21
49,21
49,21
49,21
49,21
49,21
49,21
49,21
49,21
49,21
49,21
54,21
54,21
54,21
54,21
54,10
54,10
54,10
54,10
54,10
54,10
54,10
54,10
54,10
54,10
54,10
54,10
54,20
54,20
54,20
54,20
54,20
54,20
56,20
56,20
56,20
56,20
56,20
56,20
56,20
56,20
56,20
56,20
56,40
55,40
55,40
55,40
55,40
55,40
55,40
55,40
55,40
55,40
55,40
55,40
55,40
55,40
55,40
55,40
55,40
55,40
55,40
55,40
55,40
55,40
55,40
55,40
55,40
55,40
55,40
55,40
55,40
55,40
55,40
55,40
55,40
55,40
55,89
55,89
55,89
55,89
55,89
55,89
55,89
55,89
55,89
55,89
55,89
55,89
55,89
55,89
53,89
53,89
53,89
53,89
53,89
53,89
58,89
58,89
58,89
58,89
58,89
58,89
58,89
58,89
58,89
58,89
58,89
58,89
58,89
58,89
58,89
58,89
58,89
58,89
58,89
58,89
58,63
58,63
58,63
58,63
58,63
58,63
52,63
52,70
52,70
52,70
52,70
52,70
52,70
52,70
52,70
52,87
52,87
52,87
52,87
52,87
52,87
52,87
52,87
52,87
52,87
52,87
52,87
52,87
52,87
52,87
52,87
52,87
52,87
52,87
52,87
52,87
52,87
52,87
52,87
52,87
52,23
52,23
52,23
52,23
52,23
52,23
52,23
52,23
52,23
52,23
52,23
52,23
47,64
47,64
47,64
47,64
47,64
47,64
47,64
47,64
47,64
47,64
47,64
47,64
47,64
47,64
47,64
47,64
47,64
47,64
47,64
47,64
47,64
47,64
47,64
47,64
47,64
47,64
47,40
47,40
55,40
55,40
55,40
55,40
55,40
55,40
55,40
55,40
55,40
55,40
55,40
55,40
55,40
55,40
55,40
55,40
55,40
55,40
55,40
55,40
55,40
55,40
55,40
55,40
55,40
55,40
55,40
55,40
55,40
55,58
55,58
55,58
55,58
47,58
47,58
47,58
47,58
47,58
47,58
47,58
47,58
47,58
47,58
47,58
47,58
47,58
47,58
47,62
47,62
47,62
47,62
47,62
47,62
47,62
47,62
47,62
47,62
47,62
47,62
47,62
47,62
47,62
47,62
47,62
47,62
47,62
47,62
43,62
43,62
43,62
43,62
43,62
43,62
43,62
43,62
43,62
43,85
43,85
43,85
43,85
43,85
43,85
54,85
54,85
54,85
54,85
54,91
54,91
54,91
54,91
54,91
54,91
54,91
54,91
54,91
54,91
54,91
54,91
54,91
54,91
54,91
54,33
54,33
54,33
54,33
54,33
54,33
54,33
54,33
54,33
54,33
54,33
54,33
54,33
54,33
57,33
57,33
57,33
57,33
57,33
57,33
57,33
57,33
57,33
57,33
57,33
57,33
57,33
57,33
57,33
57,33
57,33
57,33
57,33
57,33
57,33
57,33
57,33
57,33
57,33
57,71
57,71
57,71
57,71
57,71
57,71
57,71
57,71
53,71
53,71
53,71
53,71
53,71
53,71
53,71
53,80
53,80
53,80
53,80
53,80
53,80
53,80
53,80
53,80
53,80
53,80
53,80
53,80
53,80
53,80
53,80
53,80
53,80
53,80
53,80
53,80
53,80
53,80
53,80
53,80
53,80
53,80
53,80
53,80
53,80
53,80
53,80
53,80
53,80
53,80
53,80
53,80
53,80
53,80
53,80
53,80
53,80
53,80
35,80
35,80
35,80
35,80
35,80
35,80
35,80
35,80
35,80
35,80
35,80
35,80
35,80
35,80
35,80
35,80
35,80
35,80
35,17
35,17
35,17
35,17
35,17
35,17
35,17
35,17
35,17
35,17
35,17
35,90
35,90
35,90
45,90
45,90
45,90
45,90
45,90
45,90
45,90
45,90
45,90
45,90
45,90
45,90
45,90
45,90
45,90
45,90
45,90
45,90
45,90
45,90
45,90
45,90
45,90
45,90
45,90
45,90
45,90
45,90
45,90
45,90
45,90
45,90
45,90
45,90
45,90
45,90
45,90
45,90
45,90
45,90
45,90
45,90
45,90
45,90
45,90
45,90
45,71
45,71
45,71
45,71
45,71
45,71
45,71
45,71
45,71
45,71
45,71
45,71
45,71
45,71
45,71
45,71
45,71
45,71
45,71
45,71
45,71
45,71
45,71
55,71
55,71
55,71
55,81
55,81
55,81
55,81
55,81
55,81
55,81
55,81
55,81
55,81
55,81
55,81
55,81
55,81
55,81
55,81
55,81
55,81
55,81
55,81
55,81
55,81
55,81
55,81
55,81
55,81
55,81
55,81
55,81
55,81
55,81
55,81
55,81
55,81
55,81
55,81
55,81
55,31
55,31
51,31
51,31
51,31
51,31
51,31
51,31
51,31
51,31
51,31
51,31
51,31
51,31
51,31
51,31
51,31
51,21
51,21
51,21
51,21
51,21
51,21
51,21
51,21
51,21
51,21
51,21
51,21
51,70
51,70
51,70
51,70
51,70
51,70
51,70
51,70
51,70
51,70
59,70
59,70
59,70
59,70
59,70
59,70
59,70
59,70
59,70
59,70
59,48
59,48
59,48
59,48
59,48
59,48
59,48
59,48
59,48
59,48
59,48
59,48
59,48
59,48
59,48
59,48
59,48
59,48
59,48
59,48
59,97
59,97
59,97
59,97
59,97
59,97
59,97
59,97
59,97
59,97
59,97
59,97
59,9
59,9
59,9
59,9
40,9
40,9
40,9
40,9
40,9
40,9
40,9
40,9
40,9
40,9
40,9
40,9
40,9
40,9
40,9
40,9
40,9
40,9
40,9
40,9
40,9
40,9
56,99
56,99
56,99
56,99
56,99
56,99
56,99
56,99
56,99
56,99
56,99
56,99
56,99
56,99
56,99
56,99
56,99
50,99
50,99
50,99
50,99
50,99
50,99
50,99
50,99
50,99
50,99
50,99
50,99
37,99
37,99
37,99
37,99
37,99
37,99
37,99
37,99
37,99
37,99
37,99
37,67
37,67
37,67
37,67
37,67
37,67
37,67
37,67
37,67
37,67
37,67
37,67
37,67
37,67
37,67
37,67
37,67
37,67
37,67
37,67
37,67
47,67
47,67
47,67
47,67
47,67
47,67
47,67
47,67
47,67
47,67
47,67
47,67
47,67
47,67
47,67
47,67
47,34
47,34
47,34
47,34
47,34
47,34
47,34
47,21
47,21
47,21
47,21
47,21
47,21
47,21
47,21
47,21
47,21
47,21
47,21
47,21
47,21
49,21
49,21
49,21
49,21
49,21
49,21
49,21
49,21
49,21
49,21
49,21
49,21
49,21
49,21
49,21
49,21
49,21
49,21
49,21
49,21
49,21
49,21
49,21
49,21
49,21
49,21
49,21
49,21
49,21
49,21
49,21
49,21
49,21
49,21
49,43
49,43
49,43
49,43
49,43
49,43
49,43
49,43
44,43
44,43
44,43
44,43
44,43
44,43
44,43
44,43
44,43
44,43
44,43
44,43
44,43
44,43
44,43
44,43
44,43
44,43
50,43
50,43
50,43
50,43
50,43
50,43
50,43
50,43
50,43
50,43
50,43
50,78
50,78
50,78
50,78
50,78
50,78
50,78
50,78
50,78
50,78
50,78
50,78
50,78
50,78
50,78
50,78
50,78
50,78
50,78
50,78
50,78
50,78
50,78
42,78
42,78
42,78
42,26
42,26
42,26
42,26
42,26
42,26
42,26
42,26
42,26
42,26
42,26
42,26
42,26
42,26
42,26
42,26
42,26
42,26
42,26
42,26
42,26
42,26
42,26
42,26
42,26
42,26
42,26
42,26
42,10
42,10
42,10
42,10
42,10
42,10
42,10
42,79
42,79
42,79
42,79
42,79
42,79
42,79
42,97
42,97
57,97
57,97
57,97
57,97
57,59
57,59
57,59
57,59
57,59
57,59
57,59
57,59
57,59
57,59
57,59
57,59
57,59
57,59
57,59
57,59
57,59
57,59
57,59
57,59
57,59
57,59
58,59
58,59
58,59
58,59
58,59
58,59
58,59
58,59
58,59
58,59
58,59
58,59
58,59
58,59
58,59
58,59
58,18
58,18
48,18
48,18
48,18
48,18
48,18
48,18
48,70
48,70
48,70
48,70
48,70
48,70
48,70
48,70
48,70
48,70
48,70
41,70
41,70
41,70
41,70
41,70
41,70
41,70
41,70
41,70
41,70
41,70
41,70
41,70
41,70
41,70
41,70
41,70
41,70
41,70
41,70
41,70
41,70
41,70
41,70
41,70
41,70
41,70
44,70
44,70
44,70
44,70
44,95
44,95
44,95
44,95
44,95
44,95
44,95
44,95
44,95
44,95
44,95
44,95
51,95
51,95
51,95
51,95
51,95
51,95
51,95
51,95
51,95
51,95
51,95
51,95
51,38
51,38
51,38
51,38
51,38
51,38
51,38
51,38
51,38
51,38
51,38
51,38
51,38
51,38
51,38
51,38
51,38
51,38
49,38
49,38
49,38
49,38
49,38
49,38
49,38
49,38
49,38
49,38
49,38
49,38
49,38
49,38
49,38
49,38
49,38
49,38
49,38
49,38
49,38
49,38
49,38
49,38
49,38
49,38
49,38
49,38
49,38
49,6
49,6
49,6
49,6
49,6
49,6
52,6
52,6
52,6
52,6
52,6
52,6
52,6
52,6
52,6
52,6
52,6
52,6
52,6
52,6
52,6
52,6
52,6
52,6
52,6
52,6
52,6
52,6
52,6
52,6
52,6
52,6
52,6
37,6
37,6
37,6
37,6
37,6
37,6
37,6
37,6
37,15
37,15
37,15
37,15
37,15
37,15
40,15
40,15
40,15
40,15
40,15
40,15
40,15
40,15
40,15
40,15
40,15
40,15
40,15
40,15
40,15
40,15
40,15
40,15
40,15
40,15
40,15
40,15
40,15
40,15
40,15
40,15
40,15
40,15
40,15
40,15
40,15
40,41
40,41
40,41
40,41
40,41
40,41
51,41
51,41
51,41
51,41
51,41
51,41
51,41
51,41
51,41
51,41
51,41
51,41
51,41
51,41
51,41
51,41
51,41
51,41
51,41
51,41
51,41
51,41
51,41
51,41
51,41
51,41
51,41
51,41
51,41
51,41
51,41
51,41
51,41
51,41
51,41
51,41
51,41
51,41
51,41
51,41
51,15
51,15
52,15
52,15
52,15
52,15
52,15
52,15
52,15
52,15
52,15
52,15
52,15
52,15
52,15
52,15
52,15
52,15
52,15
52,15
52,15
52,15
52,15
52,15
52,15
52,15
52,15
52,15
52,15
52,15
53,15
53,15
53,15
53,15
53,15
53,15
53,15
53,15
53,15
53,15
53,15
53,15
53,15
53,15
53,15
53,54
53,54
53,54
53,54
53,54
53,54
53,54
53,54
53,54
53,54
53,54
53,54
53,54
53,54
53,54
53,54
53,54
53,54
53,54
53,54
53,54
53,98
53,98
53,98
53,98
53,98
53,98
53,98
53,98
53,98
53,98
53,98
53,98
53,98
53,98
53,98
53,98
53,54
53,54
53,54
53,54
53,54
53,54
53,54
53,54
53,54
53,54
53,54
53,54
53,54
53,54
53,54
53,38
53,38
53,38
53,38
53,38
53,38
53,38
53,38
53,38
53,38
53,38
53,38
53,38
53,38
53,38
53,38
53,38
53,38
53,38
53,38
43,38
43,38
43,38
43,38
43,38
43,38
43,38
43,38
43,38
43,38
43,38
43,38
43,38
43,38
43,38
43,38
43,38
43,38
43,38
43,38
43,38
43,38
43,38
43,38
43,38
43,38
43,38
43,38
43,38
43,5
43,5
43,5
58,5
58,5
58,5
58,5
58,5
58,5
58,5
58,5
58,5
58,5
58,5
58,27
58,27
58,27
58,27
58,27
58,27
58,27
58,27
58,27
58,27
58,27
58,27
58,27
58,27
58,27
58,27
56,27
56,27
56,27
56,27
56,27
56,27
56,27
56,27
56,27
56,27
56,27
56,27
56,27
56,27
56,27
56,27
56,27
56,27
56,27
56,27
56,27
56,27
56,27
56,27
56,27
56,27
56,27
56,27
56,27
56,73
59,73
59,73
59,73
59,73
59,73
59,73
59,73
59,73
59,73
59,73
59,73
59,73
59,73
59,73
59,73
59,73
59,73
59,73
59,73
59,73
59,73
59,73
59,73
59,73
59,73
59,73
59,73
59,73
59,73
59,73
59,73
59,73
59,73
59,73
59,73
59,73
59,73
59,73
59,73
59,73
59,73
59,73
59,73
59,73
53,73
53,73
53,73
53,64
53,64
53,64
53,64
53,64
53,64
53,64
53,64
53,64
53,64
53,64
53,64
53,64
53,64
57,64
57,64
57,64
57,64
57,64
57,48
57,48
57,48
57,48
57,48
57,48
57,48
57,48
57,48
57,48
57,48
57,48
57,48
57,48
57,48
57,48
57,48
57,48
57,48
57,48
57,48
57,48
57,48
57,48
57,48
57,48
57,50
57,50
57,50
57,50
57,50
57,50
57,50
57,50
57,50
57,50
57,50
57,50
57,50
54,50
54,50
54,50
54,50
54,50
54,50
54,50
54,50
54,50
54,50
54,50
54,50
54,50
54,50
54,50
54,50
54,50
54,50
54,50
54,14
54,14
54,14
54,14
54,14
54,14
54,14
54,14
54,14
54,14
54,14
54,14
54,14
54,14
54,14
54,14
54,14
54,14
54,14
54,14
54,14
54,14
54,14
37,14
37,14
37,14
37,14
37,14
37,14
58,14
58,14
58,14
58,14
58,14
58,14
58,14
58,14
58,14
58,14
58,14
58,14
58,14
58,64
58,64
58,64
58,64
58,64
58,64
51,64
51,64
51,64
51,64
51,64
51,64
51,64
51,64
51,64
51,64
51,64
51,64
51,64
51,64
51,64
51,64
51,64
51,64
47,64
47,64
47,64
47,64
47,64
47,64
47,64
47,64
47,64
47,64
47,64
47,64
47,64
47,64
47,64
47,64
47,64
47,64
47,64
46,64
46,64
46,64
46,64
46,64
46,88
46,88
46,88
41,88
41,88
41,88
41,88
41,88
41,88
41,88
41,88
41,88
41,88
41,88
41,88
41,88
41,88
41,88
41,88
41,88
41,17
41,17
41,17
41,17
41,17
41,17
41,17
41,17
41,17
41,17
41,17
41,17
41,17
41,17
41,17
41,17
41,17
41,17
41,17
41,17
41,17
41,17
41,17
41,19
41,19
41,19
41,19
41,19
41,19
41,19
52,19
52,19
52,19
52,19
52,19
52,19
52,19
52,19
52,19
52,19
52,19
52,19
52,19
52,19
52,19
52,19
52,19
52,19
52,19
52,19
52,19
52,19
52,19
52,19
52,19
52,77
52,77
52,77
52,77
52,77
52,77
52,77
50,77
50,77
50,77
50,77
50,77
50,77
47,77
47,77
47,77
47,77
47,77
47,77
47,77
42,77
42,77
42,77
42,77
42,77
42,77
42,77
42,77
42,77
42,77
42,77
42,77
42,77
42,77
42,77
42,77
42,77
42,77
42,77
42,77
42,77
42,77
42,77
42,77
42,77
42,77
42,77
42,77
42,80
42,80
53,80
53,80
53,80
53,80
53,80
53,80
53,80
53,80
53,80
53,80
53,80
53,80
53,80
53,80
53,80
53,80
53,80
